{"numFailedTestSuites":1,"numFailedTests":3,"numPassedTestSuites":0,"numPassedTests":0,"numPendingTestSuites":0,"numPendingTests":0,"numRuntimeErrorTestSuites":0,"numTodoTests":0,"numTotalTestSuites":1,"numTotalTests":3,"openHandles":[],"snapshot":{"added":0,"didUpdate":false,"failure":false,"filesAdded":0,"filesRemoved":0,"filesRemovedList":[],"filesUnmatched":0,"filesUpdated":0,"matched":0,"total":0,"unchecked":0,"uncheckedKeysByFile":[],"unmatched":0,"updated":0},"startTime":1710834850952,"success":false,"testResults":[{"assertionResults":[{"ancestorTitles":[],"failureMessages":["TestingLibraryElementError: Unable to find an element by: [data-testid=\"about-content\"]\n\nIgnored nodes: comments, script, style\n\u001b[36m<body>\u001b[39m\n  \u001b[36m<div>\u001b[39m\n    \u001b[36m<div\u001b[39m\n      \u001b[33mclass\u001b[39m=\u001b[32m\"App\"\u001b[39m\n    \u001b[36m>\u001b[39m\n      \u001b[36m<div\u001b[39m\n        \u001b[33mclass\u001b[39m=\u001b[32m\"container\"\u001b[39m\n      \u001b[36m>\u001b[39m\n        \u001b[36m<div />\u001b[39m\n        \u001b[36m<div />\u001b[39m\n        \u001b[36m<div />\u001b[39m\n      \u001b[36m</div>\u001b[39m\n    \u001b[36m</div>\u001b[39m\n  \u001b[36m</div>\u001b[39m\n\u001b[36m</body>\u001b[39m\n    at Object.getElementError (D:\\React JS workspace\\abc-automobiles\\node_modules\\@testing-library\\react\\node_modules\\@testing-library\\dom\\dist\\config.js:37:19)\n    at D:\\React JS workspace\\abc-automobiles\\node_modules\\@testing-library\\react\\node_modules\\@testing-library\\dom\\dist\\query-helpers.js:76:38\n    at D:\\React JS workspace\\abc-automobiles\\node_modules\\@testing-library\\react\\node_modules\\@testing-library\\dom\\dist\\query-helpers.js:52:17\n    at getByTestId (D:\\React JS workspace\\abc-automobiles\\node_modules\\@testing-library\\react\\node_modules\\@testing-library\\dom\\dist\\query-helpers.js:95:19)\n    at Object.<anonymous> (D:\\React JS workspace\\abc-automobiles\\src\\App.test.js:7:26)\n    at Promise.then.completed (D:\\React JS workspace\\abc-automobiles\\node_modules\\jest-circus\\build\\utils.js:391:28)\n    at new Promise (<anonymous>)\n    at callAsyncCircusFn (D:\\React JS workspace\\abc-automobiles\\node_modules\\jest-circus\\build\\utils.js:316:10)\n    at _callCircusTest (D:\\React JS workspace\\abc-automobiles\\node_modules\\jest-circus\\build\\run.js:218:40)\n    at _runTest (D:\\React JS workspace\\abc-automobiles\\node_modules\\jest-circus\\build\\run.js:155:3)\n    at _runTestsForDescribeBlock (D:\\React JS workspace\\abc-automobiles\\node_modules\\jest-circus\\build\\run.js:66:9)\n    at run (D:\\React JS workspace\\abc-automobiles\\node_modules\\jest-circus\\build\\run.js:25:3)\n    at runAndTransformResultsToJestFormat (D:\\React JS workspace\\abc-automobiles\\node_modules\\jest-circus\\build\\legacy-code-todo-rewrite\\jestAdapterInit.js:170:21)\n    at jestAdapter (D:\\React JS workspace\\abc-automobiles\\node_modules\\jest-circus\\build\\legacy-code-todo-rewrite\\jestAdapter.js:82:19)\n    at runTestInternal (D:\\React JS workspace\\abc-automobiles\\node_modules\\jest-runner\\build\\runTest.js:389:16)\n    at runTest (D:\\React JS workspace\\abc-automobiles\\node_modules\\jest-runner\\build\\runTest.js:475:34)\n    at TestRunner.runTests (D:\\React JS workspace\\abc-automobiles\\node_modules\\jest-runner\\build\\index.js:101:12)\n    at TestScheduler.scheduleTests (D:\\React JS workspace\\abc-automobiles\\node_modules\\@jest\\core\\build\\TestScheduler.js:333:13)\n    at runJest (D:\\React JS workspace\\abc-automobiles\\node_modules\\@jest\\core\\build\\runJest.js:404:19)\n    at _run10000 (D:\\React JS workspace\\abc-automobiles\\node_modules\\@jest\\core\\build\\cli\\index.js:320:7)\n    at runCLI (D:\\React JS workspace\\abc-automobiles\\node_modules\\@jest\\core\\build\\cli\\index.js:173:3)\n    at Object.run (D:\\React JS workspace\\abc-automobiles\\node_modules\\jest-cli\\build\\cli\\index.js:155:37)"],"fullName":"check about component loaded or not","location":null,"status":"failed","title":"check about component loaded or not"},{"ancestorTitles":[],"failureMessages":["TestingLibraryElementError: Unable to find an element by: [data-testid=\"menu-content\"]\n\nIgnored nodes: comments, script, style\n\u001b[36m<body>\u001b[39m\n  \u001b[36m<div>\u001b[39m\n    \u001b[36m<div\u001b[39m\n      \u001b[33mclass\u001b[39m=\u001b[32m\"App\"\u001b[39m\n    \u001b[36m>\u001b[39m\n      \u001b[36m<div\u001b[39m\n        \u001b[33mclass\u001b[39m=\u001b[32m\"container\"\u001b[39m\n      \u001b[36m>\u001b[39m\n        \u001b[36m<div />\u001b[39m\n        \u001b[36m<div />\u001b[39m\n        \u001b[36m<div />\u001b[39m\n      \u001b[36m</div>\u001b[39m\n    \u001b[36m</div>\u001b[39m\n  \u001b[36m</div>\u001b[39m\n\u001b[36m</body>\u001b[39m\n    at Object.getElementError (D:\\React JS workspace\\abc-automobiles\\node_modules\\@testing-library\\react\\node_modules\\@testing-library\\dom\\dist\\config.js:37:19)\n    at D:\\React JS workspace\\abc-automobiles\\node_modules\\@testing-library\\react\\node_modules\\@testing-library\\dom\\dist\\query-helpers.js:76:38\n    at D:\\React JS workspace\\abc-automobiles\\node_modules\\@testing-library\\react\\node_modules\\@testing-library\\dom\\dist\\query-helpers.js:52:17\n    at getByTestId (D:\\React JS workspace\\abc-automobiles\\node_modules\\@testing-library\\react\\node_modules\\@testing-library\\dom\\dist\\query-helpers.js:95:19)\n    at Object.<anonymous> (D:\\React JS workspace\\abc-automobiles\\src\\App.test.js:13:26)\n    at Promise.then.completed (D:\\React JS workspace\\abc-automobiles\\node_modules\\jest-circus\\build\\utils.js:391:28)\n    at new Promise (<anonymous>)\n    at callAsyncCircusFn (D:\\React JS workspace\\abc-automobiles\\node_modules\\jest-circus\\build\\utils.js:316:10)\n    at _callCircusTest (D:\\React JS workspace\\abc-automobiles\\node_modules\\jest-circus\\build\\run.js:218:40)\n    at _runTest (D:\\React JS workspace\\abc-automobiles\\node_modules\\jest-circus\\build\\run.js:155:3)\n    at _runTestsForDescribeBlock (D:\\React JS workspace\\abc-automobiles\\node_modules\\jest-circus\\build\\run.js:66:9)\n    at run (D:\\React JS workspace\\abc-automobiles\\node_modules\\jest-circus\\build\\run.js:25:3)\n    at runAndTransformResultsToJestFormat (D:\\React JS workspace\\abc-automobiles\\node_modules\\jest-circus\\build\\legacy-code-todo-rewrite\\jestAdapterInit.js:170:21)\n    at jestAdapter (D:\\React JS workspace\\abc-automobiles\\node_modules\\jest-circus\\build\\legacy-code-todo-rewrite\\jestAdapter.js:82:19)\n    at runTestInternal (D:\\React JS workspace\\abc-automobiles\\node_modules\\jest-runner\\build\\runTest.js:389:16)\n    at runTest (D:\\React JS workspace\\abc-automobiles\\node_modules\\jest-runner\\build\\runTest.js:475:34)\n    at TestRunner.runTests (D:\\React JS workspace\\abc-automobiles\\node_modules\\jest-runner\\build\\index.js:101:12)\n    at TestScheduler.scheduleTests (D:\\React JS workspace\\abc-automobiles\\node_modules\\@jest\\core\\build\\TestScheduler.js:333:13)\n    at runJest (D:\\React JS workspace\\abc-automobiles\\node_modules\\@jest\\core\\build\\runJest.js:404:19)\n    at _run10000 (D:\\React JS workspace\\abc-automobiles\\node_modules\\@jest\\core\\build\\cli\\index.js:320:7)\n    at runCLI (D:\\React JS workspace\\abc-automobiles\\node_modules\\@jest\\core\\build\\cli\\index.js:173:3)\n    at Object.run (D:\\React JS workspace\\abc-automobiles\\node_modules\\jest-cli\\build\\cli\\index.js:155:37)"],"fullName":"check menu component loaded or not","location":null,"status":"failed","title":"check menu component loaded or not"},{"ancestorTitles":[],"failureMessages":["TestingLibraryElementError: Unable to find an element by: [data-testid=\"footer-content\"]\n\nIgnored nodes: comments, script, style\n\u001b[36m<body>\u001b[39m\n  \u001b[36m<div>\u001b[39m\n    \u001b[36m<div\u001b[39m\n      \u001b[33mclass\u001b[39m=\u001b[32m\"App\"\u001b[39m\n    \u001b[36m>\u001b[39m\n      \u001b[36m<div\u001b[39m\n        \u001b[33mclass\u001b[39m=\u001b[32m\"container\"\u001b[39m\n      \u001b[36m>\u001b[39m\n        \u001b[36m<div />\u001b[39m\n        \u001b[36m<div />\u001b[39m\n        \u001b[36m<div />\u001b[39m\n      \u001b[36m</div>\u001b[39m\n    \u001b[36m</div>\u001b[39m\n  \u001b[36m</div>\u001b[39m\n\u001b[36m</body>\u001b[39m\n    at Object.getElementError (D:\\React JS workspace\\abc-automobiles\\node_modules\\@testing-library\\react\\node_modules\\@testing-library\\dom\\dist\\config.js:37:19)\n    at D:\\React JS workspace\\abc-automobiles\\node_modules\\@testing-library\\react\\node_modules\\@testing-library\\dom\\dist\\query-helpers.js:76:38\n    at D:\\React JS workspace\\abc-automobiles\\node_modules\\@testing-library\\react\\node_modules\\@testing-library\\dom\\dist\\query-helpers.js:52:17\n    at getByTestId (D:\\React JS workspace\\abc-automobiles\\node_modules\\@testing-library\\react\\node_modules\\@testing-library\\dom\\dist\\query-helpers.js:95:19)\n    at Object.<anonymous> (D:\\React JS workspace\\abc-automobiles\\src\\App.test.js:19:26)\n    at Promise.then.completed (D:\\React JS workspace\\abc-automobiles\\node_modules\\jest-circus\\build\\utils.js:391:28)\n    at new Promise (<anonymous>)\n    at callAsyncCircusFn (D:\\React JS workspace\\abc-automobiles\\node_modules\\jest-circus\\build\\utils.js:316:10)\n    at _callCircusTest (D:\\React JS workspace\\abc-automobiles\\node_modules\\jest-circus\\build\\run.js:218:40)\n    at _runTest (D:\\React JS workspace\\abc-automobiles\\node_modules\\jest-circus\\build\\run.js:155:3)\n    at _runTestsForDescribeBlock (D:\\React JS workspace\\abc-automobiles\\node_modules\\jest-circus\\build\\run.js:66:9)\n    at run (D:\\React JS workspace\\abc-automobiles\\node_modules\\jest-circus\\build\\run.js:25:3)\n    at runAndTransformResultsToJestFormat (D:\\React JS workspace\\abc-automobiles\\node_modules\\jest-circus\\build\\legacy-code-todo-rewrite\\jestAdapterInit.js:170:21)\n    at jestAdapter (D:\\React JS workspace\\abc-automobiles\\node_modules\\jest-circus\\build\\legacy-code-todo-rewrite\\jestAdapter.js:82:19)\n    at runTestInternal (D:\\React JS workspace\\abc-automobiles\\node_modules\\jest-runner\\build\\runTest.js:389:16)\n    at runTest (D:\\React JS workspace\\abc-automobiles\\node_modules\\jest-runner\\build\\runTest.js:475:34)\n    at TestRunner.runTests (D:\\React JS workspace\\abc-automobiles\\node_modules\\jest-runner\\build\\index.js:101:12)\n    at TestScheduler.scheduleTests (D:\\React JS workspace\\abc-automobiles\\node_modules\\@jest\\core\\build\\TestScheduler.js:333:13)\n    at runJest (D:\\React JS workspace\\abc-automobiles\\node_modules\\@jest\\core\\build\\runJest.js:404:19)\n    at _run10000 (D:\\React JS workspace\\abc-automobiles\\node_modules\\@jest\\core\\build\\cli\\index.js:320:7)\n    at runCLI (D:\\React JS workspace\\abc-automobiles\\node_modules\\@jest\\core\\build\\cli\\index.js:173:3)\n    at Object.run (D:\\React JS workspace\\abc-automobiles\\node_modules\\jest-cli\\build\\cli\\index.js:155:37)"],"fullName":"check footer component loaded or not","location":null,"status":"failed","title":"check footer component loaded or not"}],"endTime":1710834852756,"message":"\u001b[1m\u001b[31m  \u001b[1m● \u001b[22m\u001b[1mcheck about component loaded or not\u001b[39m\u001b[22m\n\n    TestingLibraryElementError: Unable to find an element by: [data-testid=\"about-content\"]\n\n    Ignored nodes: comments, script, style\n    \u001b[36m<body>\u001b[39m\n      \u001b[36m<div>\u001b[39m\n        \u001b[36m<div\u001b[39m\n          \u001b[33mclass\u001b[39m=\u001b[32m\"App\"\u001b[39m\n        \u001b[36m>\u001b[39m\n          \u001b[36m<div\u001b[39m\n            \u001b[33mclass\u001b[39m=\u001b[32m\"container\"\u001b[39m\n          \u001b[36m>\u001b[39m\n            \u001b[36m<div />\u001b[39m\n            \u001b[36m<div />\u001b[39m\n            \u001b[36m<div />\u001b[39m\n          \u001b[36m</div>\u001b[39m\n        \u001b[36m</div>\u001b[39m\n      \u001b[36m</div>\u001b[39m\n    \u001b[36m</body>\u001b[39m\n\u001b[2m\u001b[22m\n\u001b[2m    \u001b[0m \u001b[90m  5 |\u001b[39m test(\u001b[32m'check about component loaded or not'\u001b[39m\u001b[33m,\u001b[39m () \u001b[33m=>\u001b[39m {\u001b[0m\u001b[22m\n\u001b[2m    \u001b[0m \u001b[90m  6 |\u001b[39m   render(\u001b[33m<\u001b[39m\u001b[33mApp\u001b[39m \u001b[33m/\u001b[39m\u001b[33m>\u001b[39m)\u001b[33m;\u001b[39m\u001b[0m\u001b[22m\n\u001b[2m    \u001b[0m\u001b[31m\u001b[1m>\u001b[22m\u001b[2m\u001b[39m\u001b[90m  7 |\u001b[39m   \u001b[36mconst\u001b[39m counter \u001b[33m=\u001b[39m screen\u001b[33m.\u001b[39mgetByTestId(\u001b[32m\"about-content\"\u001b[39m)\u001b[33m;\u001b[39m\u001b[0m\u001b[22m\n\u001b[2m    \u001b[0m \u001b[90m    |\u001b[39m                          \u001b[31m\u001b[1m^\u001b[22m\u001b[2m\u001b[39m\u001b[0m\u001b[22m\n\u001b[2m    \u001b[0m \u001b[90m  8 |\u001b[39m   expect(counter)\u001b[33m.\u001b[39mtoBeInTheDocument()\u001b[33m;\u001b[39m\u001b[0m\u001b[22m\n\u001b[2m    \u001b[0m \u001b[90m  9 |\u001b[39m })\u001b[33m;\u001b[39m\u001b[0m\u001b[22m\n\u001b[2m    \u001b[0m \u001b[90m 10 |\u001b[39m\u001b[0m\u001b[22m\n\u001b[2m\u001b[22m\n\u001b[2m      \u001b[2mat Object.getElementError (\u001b[22m\u001b[2mnode_modules/@testing-library/react/node_modules/@testing-library/dom/dist/config.js\u001b[2m:37:19)\u001b[22m\u001b[2m\u001b[22m\n\u001b[2m      \u001b[2mat \u001b[22m\u001b[2mnode_modules/@testing-library/react/node_modules/@testing-library/dom/dist/query-helpers.js\u001b[2m:76:38\u001b[22m\u001b[2m\u001b[22m\n\u001b[2m      \u001b[2mat \u001b[22m\u001b[2mnode_modules/@testing-library/react/node_modules/@testing-library/dom/dist/query-helpers.js\u001b[2m:52:17\u001b[22m\u001b[2m\u001b[22m\n\u001b[2m      \u001b[2mat getByTestId (\u001b[22m\u001b[2mnode_modules/@testing-library/react/node_modules/@testing-library/dom/dist/query-helpers.js\u001b[2m:95:19)\u001b[22m\u001b[2m\u001b[22m\n\u001b[2m      \u001b[2mat Object.<anonymous> (\u001b[22m\u001b[2m\u001b[0m\u001b[36msrc/App.test.js\u001b[39m\u001b[0m\u001b[2m:7:26)\u001b[22m\u001b[2m\u001b[22m\n\u001b[2m      \u001b[2mat TestScheduler.scheduleTests (\u001b[22m\u001b[2mnode_modules/@jest/core/build/TestScheduler.js\u001b[2m:333:13)\u001b[22m\u001b[2m\u001b[22m\n\u001b[2m      \u001b[2mat runJest (\u001b[22m\u001b[2mnode_modules/@jest/core/build/runJest.js\u001b[2m:404:19)\u001b[22m\u001b[2m\u001b[22m\n\u001b[2m      \u001b[2mat _run10000 (\u001b[22m\u001b[2mnode_modules/@jest/core/build/cli/index.js\u001b[2m:320:7)\u001b[22m\u001b[2m\u001b[22m\n\u001b[2m      \u001b[2mat runCLI (\u001b[22m\u001b[2mnode_modules/@jest/core/build/cli/index.js\u001b[2m:173:3)\u001b[22m\u001b[2m\u001b[22m\n\n\u001b[1m\u001b[31m  \u001b[1m● \u001b[22m\u001b[1mcheck menu component loaded or not\u001b[39m\u001b[22m\n\n    TestingLibraryElementError: Unable to find an element by: [data-testid=\"menu-content\"]\n\n    Ignored nodes: comments, script, style\n    \u001b[36m<body>\u001b[39m\n      \u001b[36m<div>\u001b[39m\n        \u001b[36m<div\u001b[39m\n          \u001b[33mclass\u001b[39m=\u001b[32m\"App\"\u001b[39m\n        \u001b[36m>\u001b[39m\n          \u001b[36m<div\u001b[39m\n            \u001b[33mclass\u001b[39m=\u001b[32m\"container\"\u001b[39m\n          \u001b[36m>\u001b[39m\n            \u001b[36m<div />\u001b[39m\n            \u001b[36m<div />\u001b[39m\n            \u001b[36m<div />\u001b[39m\n          \u001b[36m</div>\u001b[39m\n        \u001b[36m</div>\u001b[39m\n      \u001b[36m</div>\u001b[39m\n    \u001b[36m</body>\u001b[39m\n\u001b[2m\u001b[22m\n\u001b[2m    \u001b[0m \u001b[90m 11 |\u001b[39m test(\u001b[32m'check menu component loaded or not'\u001b[39m\u001b[33m,\u001b[39m () \u001b[33m=>\u001b[39m {\u001b[0m\u001b[22m\n\u001b[2m    \u001b[0m \u001b[90m 12 |\u001b[39m   render(\u001b[33m<\u001b[39m\u001b[33mApp\u001b[39m \u001b[33m/\u001b[39m\u001b[33m>\u001b[39m)\u001b[33m;\u001b[39m\u001b[0m\u001b[22m\n\u001b[2m    \u001b[0m\u001b[31m\u001b[1m>\u001b[22m\u001b[2m\u001b[39m\u001b[90m 13 |\u001b[39m   \u001b[36mconst\u001b[39m counter \u001b[33m=\u001b[39m screen\u001b[33m.\u001b[39mgetByTestId(\u001b[32m\"menu-content\"\u001b[39m)\u001b[33m;\u001b[39m\u001b[0m\u001b[22m\n\u001b[2m    \u001b[0m \u001b[90m    |\u001b[39m                          \u001b[31m\u001b[1m^\u001b[22m\u001b[2m\u001b[39m\u001b[0m\u001b[22m\n\u001b[2m    \u001b[0m \u001b[90m 14 |\u001b[39m   expect(counter)\u001b[33m.\u001b[39mtoBeInTheDocument()\u001b[33m;\u001b[39m\u001b[0m\u001b[22m\n\u001b[2m    \u001b[0m \u001b[90m 15 |\u001b[39m })\u001b[33m;\u001b[39m\u001b[0m\u001b[22m\n\u001b[2m    \u001b[0m \u001b[90m 16 |\u001b[39m\u001b[0m\u001b[22m\n\u001b[2m\u001b[22m\n\u001b[2m      \u001b[2mat Object.getElementError (\u001b[22m\u001b[2mnode_modules/@testing-library/react/node_modules/@testing-library/dom/dist/config.js\u001b[2m:37:19)\u001b[22m\u001b[2m\u001b[22m\n\u001b[2m      \u001b[2mat \u001b[22m\u001b[2mnode_modules/@testing-library/react/node_modules/@testing-library/dom/dist/query-helpers.js\u001b[2m:76:38\u001b[22m\u001b[2m\u001b[22m\n\u001b[2m      \u001b[2mat \u001b[22m\u001b[2mnode_modules/@testing-library/react/node_modules/@testing-library/dom/dist/query-helpers.js\u001b[2m:52:17\u001b[22m\u001b[2m\u001b[22m\n\u001b[2m      \u001b[2mat getByTestId (\u001b[22m\u001b[2mnode_modules/@testing-library/react/node_modules/@testing-library/dom/dist/query-helpers.js\u001b[2m:95:19)\u001b[22m\u001b[2m\u001b[22m\n\u001b[2m      \u001b[2mat Object.<anonymous> (\u001b[22m\u001b[2m\u001b[0m\u001b[36msrc/App.test.js\u001b[39m\u001b[0m\u001b[2m:13:26)\u001b[22m\u001b[2m\u001b[22m\n\u001b[2m      \u001b[2mat TestScheduler.scheduleTests (\u001b[22m\u001b[2mnode_modules/@jest/core/build/TestScheduler.js\u001b[2m:333:13)\u001b[22m\u001b[2m\u001b[22m\n\u001b[2m      \u001b[2mat runJest (\u001b[22m\u001b[2mnode_modules/@jest/core/build/runJest.js\u001b[2m:404:19)\u001b[22m\u001b[2m\u001b[22m\n\u001b[2m      \u001b[2mat _run10000 (\u001b[22m\u001b[2mnode_modules/@jest/core/build/cli/index.js\u001b[2m:320:7)\u001b[22m\u001b[2m\u001b[22m\n\u001b[2m      \u001b[2mat runCLI (\u001b[22m\u001b[2mnode_modules/@jest/core/build/cli/index.js\u001b[2m:173:3)\u001b[22m\u001b[2m\u001b[22m\n\n\u001b[1m\u001b[31m  \u001b[1m● \u001b[22m\u001b[1mcheck footer component loaded or not\u001b[39m\u001b[22m\n\n    TestingLibraryElementError: Unable to find an element by: [data-testid=\"footer-content\"]\n\n    Ignored nodes: comments, script, style\n    \u001b[36m<body>\u001b[39m\n      \u001b[36m<div>\u001b[39m\n        \u001b[36m<div\u001b[39m\n          \u001b[33mclass\u001b[39m=\u001b[32m\"App\"\u001b[39m\n        \u001b[36m>\u001b[39m\n          \u001b[36m<div\u001b[39m\n            \u001b[33mclass\u001b[39m=\u001b[32m\"container\"\u001b[39m\n          \u001b[36m>\u001b[39m\n            \u001b[36m<div />\u001b[39m\n            \u001b[36m<div />\u001b[39m\n            \u001b[36m<div />\u001b[39m\n          \u001b[36m</div>\u001b[39m\n        \u001b[36m</div>\u001b[39m\n      \u001b[36m</div>\u001b[39m\n    \u001b[36m</body>\u001b[39m\n\u001b[2m\u001b[22m\n\u001b[2m    \u001b[0m \u001b[90m 17 |\u001b[39m test(\u001b[32m'check footer component loaded or not'\u001b[39m\u001b[33m,\u001b[39m () \u001b[33m=>\u001b[39m {\u001b[0m\u001b[22m\n\u001b[2m    \u001b[0m \u001b[90m 18 |\u001b[39m   render(\u001b[33m<\u001b[39m\u001b[33mApp\u001b[39m \u001b[33m/\u001b[39m\u001b[33m>\u001b[39m)\u001b[33m;\u001b[39m\u001b[0m\u001b[22m\n\u001b[2m    \u001b[0m\u001b[31m\u001b[1m>\u001b[22m\u001b[2m\u001b[39m\u001b[90m 19 |\u001b[39m   \u001b[36mconst\u001b[39m counter \u001b[33m=\u001b[39m screen\u001b[33m.\u001b[39mgetByTestId(\u001b[32m\"footer-content\"\u001b[39m)\u001b[33m;\u001b[39m\u001b[0m\u001b[22m\n\u001b[2m    \u001b[0m \u001b[90m    |\u001b[39m                          \u001b[31m\u001b[1m^\u001b[22m\u001b[2m\u001b[39m\u001b[0m\u001b[22m\n\u001b[2m    \u001b[0m \u001b[90m 20 |\u001b[39m   expect(counter)\u001b[33m.\u001b[39mtoBeInTheDocument()\u001b[33m;\u001b[39m\u001b[0m\u001b[22m\n\u001b[2m    \u001b[0m \u001b[90m 21 |\u001b[39m })\u001b[33m;\u001b[39m\u001b[0m\u001b[22m\n\u001b[2m\u001b[22m\n\u001b[2m      \u001b[2mat Object.getElementError (\u001b[22m\u001b[2mnode_modules/@testing-library/react/node_modules/@testing-library/dom/dist/config.js\u001b[2m:37:19)\u001b[22m\u001b[2m\u001b[22m\n\u001b[2m      \u001b[2mat \u001b[22m\u001b[2mnode_modules/@testing-library/react/node_modules/@testing-library/dom/dist/query-helpers.js\u001b[2m:76:38\u001b[22m\u001b[2m\u001b[22m\n\u001b[2m      \u001b[2mat \u001b[22m\u001b[2mnode_modules/@testing-library/react/node_modules/@testing-library/dom/dist/query-helpers.js\u001b[2m:52:17\u001b[22m\u001b[2m\u001b[22m\n\u001b[2m      \u001b[2mat getByTestId (\u001b[22m\u001b[2mnode_modules/@testing-library/react/node_modules/@testing-library/dom/dist/query-helpers.js\u001b[2m:95:19)\u001b[22m\u001b[2m\u001b[22m\n\u001b[2m      \u001b[2mat Object.<anonymous> (\u001b[22m\u001b[2m\u001b[0m\u001b[36msrc/App.test.js\u001b[39m\u001b[0m\u001b[2m:19:26)\u001b[22m\u001b[2m\u001b[22m\n\u001b[2m      \u001b[2mat TestScheduler.scheduleTests (\u001b[22m\u001b[2mnode_modules/@jest/core/build/TestScheduler.js\u001b[2m:333:13)\u001b[22m\u001b[2m\u001b[22m\n\u001b[2m      \u001b[2mat runJest (\u001b[22m\u001b[2mnode_modules/@jest/core/build/runJest.js\u001b[2m:404:19)\u001b[22m\u001b[2m\u001b[22m\n\u001b[2m      \u001b[2mat _run10000 (\u001b[22m\u001b[2mnode_modules/@jest/core/build/cli/index.js\u001b[2m:320:7)\u001b[22m\u001b[2m\u001b[22m\n\u001b[2m      \u001b[2mat runCLI (\u001b[22m\u001b[2mnode_modules/@jest/core/build/cli/index.js\u001b[2m:173:3)\u001b[22m\u001b[2m\u001b[22m\n","name":"D:\\React JS workspace\\abc-automobiles\\src\\App.test.js","startTime":1710834851656,"status":"failed","summary":""}],"wasInterrupted":false}